id;photo;photo_content_type;matricule;prenom;nom;sexe;adresse;telephone;email;date_naissance;lieu_naissance
1;../fake-data/blob/hipster.png;image/png;navigating;North Korean Won;Jewelery envisioneer Somalia;FEMININ;../fake-data/blob/hipster.txt;601.850.4293;Rebeka.Klocko@gmail.com;2022-12-05;Wells instruction set eyeballs
2;../fake-data/blob/hipster.png;image/png;Comoro Franc mobile;RAM Home Loan Account Ergonomi;deposit bleeding-edge JBOD;FEMININ;../fake-data/blob/hipster.txt;615-913-5795;Elian.Dietrich72@hotmail.com;2022-12-05;capacity synthesize
3;../fake-data/blob/hipster.png;image/png;Skyway connect;Berkshire;Producer Rubber payment;FEMININ;../fake-data/blob/hipster.txt;112-972-9178;Jaylon_Doyle25@yahoo.com;2022-12-04;Tennessee markets
4;../fake-data/blob/hipster.png;image/png;USB back up;indigo;Accountability;MASCULIN;../fake-data/blob/hipster.txt;1-558-966-71;Austen28@yahoo.com;2022-12-05;Accountability Principal web-enabled
5;../fake-data/blob/hipster.png;image/png;Incredible contextually-based ;Regional payment;COM open-source;MASCULIN;../fake-data/blob/hipster.txt;(260) 950-70;Jasmin80@hotmail.com;2022-12-04;Strategist Borders
6;../fake-data/blob/hipster.png;image/png;Specialist Springs leading edg;Central withdrawal;Triple-buffered transition;FEMININ;../fake-data/blob/hipster.txt;458.359.3424;Willa9@gmail.com;2022-12-05;TCP Future
7;../fake-data/blob/hipster.png;image/png;firewall;Intelligent pixel Tennessee;bluetooth infomediaries;FEMININ;../fake-data/blob/hipster.txt;440.127.1510;Rodolfo_Runolfsdottir@yahoo.com;2022-12-05;Garden Rand quantifying
8;../fake-data/blob/hipster.png;image/png;Paradigm initiatives reinvent;IB Kansas interface;Integration;MASCULIN;../fake-data/blob/hipster.txt;508.617.3527;Elsie.Bashirian@yahoo.com;2022-12-05;circuit Michigan Agent
9;../fake-data/blob/hipster.png;image/png;salmon adapter Awesome;Car;auxiliary Assistant;FEMININ;../fake-data/blob/hipster.txt;1-140-901-62;Brielle_Price@yahoo.com;2022-12-04;Berkshire
10;../fake-data/blob/hipster.png;image/png;hack olive;incentivize Borders;Cliffs;FEMININ;../fake-data/blob/hipster.txt;1-982-458-07;Buford44@hotmail.com;2022-12-05;Decentralized
